year,month,sub_area,vehicle_class,hour,speed,process,cat_ncat,pollutant,emission_tons_day
2031,Summer,Alpine (GBV),T6 Ag,IDLEX,CO,1.99519903e-07
2031,Summer,Alpine (GBV),T6 Ag,IDLEX,CO2,0.00161108453737
2031,Summer,Alpine (GBV),T6 Ag,IDLEX,NOx,4.12962445363e-06
2031,Summer,Alpine (GBV),T6 Ag,IDLEX,PM,2.60915141569e-10
2031,Summer,Alpine (GBV),T6 Ag,IDLEX,PM10,2.59349650719e-10
2031,Summer,Alpine (GBV),T6 Ag,IDLEX,PM2_5,2.48130299632e-10
2031,Summer,Alpine (GBV),T6 Ag,IDLEX,ROG,3.4609927789e-08
2031,Summer,Alpine (GBV),T6 Ag,IDLEX,SOx,1.5370499641e-08
2031,Summer,Alpine (GBV),T6 Ag,IDLEX,TOG,3.94007682355e-08
2031,Summer,Alpine (GBV),T6 Ag,PMBW,PM,3.88294124725e-06
2031,Summer,Alpine (GBV),T6 Ag,PMBW,PM10,3.80528242231e-06
2031,Summer,Alpine (GBV),T6 Ag,PMBW,PM2_5,1.63083532385e-06
2031,Summer,Alpine (GBV),T6 Ag,PMTW,PM,3.50340563662e-07
2031,Summer,Alpine (GBV),T6 Ag,PMTW,PM10,3.50340563662e-07
2031,Summer,Alpine (GBV),T6 Ag,PMTW,PM2_5,8.75851409154e-08
2031,Summer,Alpine (GBV),T6 Ag,RUNEX,CO,8.37343484501e-06
2031,Summer,Alpine (GBV),T6 Ag,RUNEX,CO2,0.0352933096235
2031,Summer,Alpine (GBV),T6 Ag,RUNEX,NOx,4.66790842671e-05
2031,Summer,Alpine (GBV),T6 Ag,RUNEX,PM,1.1571458015e-07
2031,Summer,Alpine (GBV),T6 Ag,RUNEX,PM10,1.15020292669e-07
2031,Summer,Alpine (GBV),T6 Ag,RUNEX,PM2_5,1.10044565722e-07
2031,Summer,Alpine (GBV),T6 Ag,RUNEX,ROG,1.59079731862e-06
2031,Summer,Alpine (GBV),T6 Ag,RUNEX,SOx,3.36714672827e-07
2031,Summer,Alpine (GBV),T6 Ag,RUNEX,TOG,1.8110016537e-06
2031,Summer,Alpine (GBV),T6 Ag,STREX,NOx,6.04114156961e-05
2031,Summer,Alpine (GBV),T6 CAIRP Heavy,IDLEX,CO,3.05806297604e-08
2031,Summer,Alpine (GBV),T6 CAIRP Heavy,IDLEX,CO2,0.000233054050232
2031,Summer,Alpine (GBV),T6 CAIRP Heavy,IDLEX,NOx,6.42703694521e-07
2031,Summer,Alpine (GBV),T6 CAIRP Heavy,IDLEX,PM,5.9615430305e-11
2031,Summer,Alpine (GBV),T6 CAIRP Heavy,IDLEX,PM10,5.92577377232e-11
2031,Summer,Alpine (GBV),T6 CAIRP Heavy,IDLEX,PM2_5,5.66942742201e-11
2031,Summer,Alpine (GBV),T6 CAIRP Heavy,IDLEX,ROG,5.28018502486e-09
2031,Summer,Alpine (GBV),T6 CAIRP Heavy,IDLEX,SOx,2.223444588e-09
2031,Summer,Alpine (GBV),T6 CAIRP Heavy,IDLEX,TOG,6.01108871631e-09
2031,Summer,Alpine (GBV),T6 CAIRP Heavy,PMBW,PM,2.35271867405e-06
2031,Summer,Alpine (GBV),T6 CAIRP Heavy,PMBW,PM10,2.30566430056e-06
2031,Summer,Alpine (GBV),T6 CAIRP Heavy,PMBW,PM2_5,9.88141843099e-07
2031,Summer,Alpine (GBV),T6 CAIRP Heavy,PMTW,PM,2.12275369087e-07
2031,Summer,Alpine (GBV),T6 CAIRP Heavy,PMTW,PM10,2.12275369087e-07
2031,Summer,Alpine (GBV),T6 CAIRP Heavy,PMTW,PM2_5,5.30688422717e-08
2031,Summer,Alpine (GBV),T6 CAIRP Heavy,RUNEX,CO,3.93076768619e-06
2031,Summer,Alpine (GBV),T6 CAIRP Heavy,RUNEX,CO2,0.0200169518614
2031,Summer,Alpine (GBV),T6 CAIRP Heavy,RUNEX,NOx,1.84904432164e-05
2031,Summer,Alpine (GBV),T6 CAIRP Heavy,RUNEX,PM,5.3949963899e-08
2031,Summer,Alpine (GBV),T6 CAIRP Heavy,RUNEX,PM10,5.36262641156e-08
2031,Summer,Alpine (GBV),T6 CAIRP Heavy,RUNEX,PM2_5,5.1306415668e-08
2031,Summer,Alpine (GBV),T6 CAIRP Heavy,RUNEX,ROG,7.50790384479e-07
2031,Summer,Alpine (GBV),T6 CAIRP Heavy,RUNEX,SOx,1.90971078341e-07
2031,Summer,Alpine (GBV),T6 CAIRP Heavy,RUNEX,TOG,8.54717701597e-07
2031,Summer,Alpine (GBV),T6 CAIRP Heavy,STREX,NOx,1.07265424042e-05
2031,Summer,Alpine (GBV),T6 CAIRP Small,IDLEX,CO,7.75001632652e-08
2031,Summer,Alpine (GBV),T6 CAIRP Small,IDLEX,CO2,0.000592872359711
2031,Summer,Alpine (GBV),T6 CAIRP Small,IDLEX,NOx,1.62162897303e-06
2031,Summer,Alpine (GBV),T6 CAIRP Small,IDLEX,PM,1.24906307357e-10
2031,Summer,Alpine (GBV),T6 CAIRP Small,IDLEX,PM10,1.24156869513e-10
2031,Summer,Alpine (GBV),T6 CAIRP Small,IDLEX,PM2_5,1.18785898297e-10
2031,Summer,Alpine (GBV),T6 CAIRP Small,IDLEX,ROG,1.34023789932e-08
2031,Summer,Alpine (GBV),T6 CAIRP Small,IDLEX,SOx,5.65627946934e-09
2031,Summer,Alpine (GBV),T6 CAIRP Small,IDLEX,TOG,1.52575882774e-08
2031,Summer,Alpine (GBV),T6 CAIRP Small,PMBW,PM,7.1846517291e-06
2031,Summer,Alpine (GBV),T6 CAIRP Small,PMBW,PM10,7.04095869452e-06
2031,Summer,Alpine (GBV),T6 CAIRP Small,PMBW,PM2_5,3.01755372622e-06
2031,Summer,Alpine (GBV),T6 CAIRP Small,PMTW,PM,6.48239253754e-07
2031,Summer,Alpine (GBV),T6 CAIRP Small,PMTW,PM10,6.48239253754e-07
2031,Summer,Alpine (GBV),T6 CAIRP Small,PMTW,PM2_5,1.62059813438e-07
2031,Summer,Alpine (GBV),T6 CAIRP Small,RUNEX,CO,1.13443494401e-05
2031,Summer,Alpine (GBV),T6 CAIRP Small,RUNEX,CO2,0.0625391432375
2031,Summer,Alpine (GBV),T6 CAIRP Small,RUNEX,NOx,5.1308484063e-05
2031,Summer,Alpine (GBV),T6 CAIRP Small,RUNEX,PM,1.50345792092e-07
2031,Summer,Alpine (GBV),T6 CAIRP Small,RUNEX,PM10,1.49443717339e-07
2031,Summer,Alpine (GBV),T6 CAIRP Small,RUNEX,PM2_5,1.42978848279e-07
2031,Summer,Alpine (GBV),T6 CAIRP Small,RUNEX,ROG,2.16271139097e-06
2031,Summer,Alpine (GBV),T6 CAIRP Small,RUNEX,SOx,5.96652662467e-07
2031,Summer,Alpine (GBV),T6 CAIRP Small,RUNEX,TOG,2.46208229025e-06
2031,Summer,Alpine (GBV),T6 CAIRP Small,STREX,NOx,2.74244869745e-05
2031,Summer,Alpine (GBV),T6 Instate Construction Heavy,IDLEX,CO,5.41610086691e-08
2031,Summer,Alpine (GBV),T6 Instate Construction Heavy,IDLEX,CO2,0.000426049510705
2031,Summer,Alpine (GBV),T6 Instate Construction Heavy,IDLEX,NOx,1.12250597034e-06
2031,Summer,Alpine (GBV),T6 Instate Construction Heavy,IDLEX,PM,7.46408872651e-11
2031,Summer,Alpine (GBV),T6 Instate Construction Heavy,IDLEX,PM10,7.41930419416e-11
2031,Summer,Alpine (GBV),T6 Instate Construction Heavy,IDLEX,PM2_5,7.09834837892e-11
2031,Summer,Alpine (GBV),T6 Instate Construction Heavy,IDLEX,ROG,9.39007190899e-09
2031,Summer,Alpine (GBV),T6 Instate Construction Heavy,IDLEX,SOx,4.06471150299e-09
2031,Summer,Alpine (GBV),T6 Instate Construction Heavy,IDLEX,TOG,1.0689882084e-08
2031,Summer,Alpine (GBV),T6 Instate Construction Heavy,PMBW,PM,6.47026609196e-06
2031,Summer,Alpine (GBV),T6 Instate Construction Heavy,PMBW,PM10,6.34086077012e-06
2031,Summer,Alpine (GBV),T6 Instate Construction Heavy,PMBW,PM2_5,2.71751175862e-06
2031,Summer,Alpine (GBV),T6 Instate Construction Heavy,PMTW,PM,5.83783406793e-07
2031,Summer,Alpine (GBV),T6 Instate Construction Heavy,PMTW,PM10,5.83783406793e-07
2031,Summer,Alpine (GBV),T6 Instate Construction Heavy,PMTW,PM2_5,1.45945851698e-07
2031,Summer,Alpine (GBV),T6 Instate Construction Heavy,RUNEX,CO,1.2417520558e-05
2031,Summer,Alpine (GBV),T6 Instate Construction Heavy,RUNEX,CO2,0.0573986632691
2031,Summer,Alpine (GBV),T6 Instate Construction Heavy,RUNEX,NOx,6.33679898486e-05
2031,Summer,Alpine (GBV),T6 Instate Construction Heavy,RUNEX,PM,1.70239603837e-07
2031,Summer,Alpine (GBV),T6 Instate Construction Heavy,RUNEX,PM10,1.69218166214e-07
2031,Summer,Alpine (GBV),T6 Instate Construction Heavy,RUNEX,PM2_5,1.61897863249e-07
2031,Summer,Alpine (GBV),T6 Instate Construction Heavy,RUNEX,ROG,2.36298154719e-06
2031,Summer,Alpine (GBV),T6 Instate Construction Heavy,RUNEX,SOx,5.47610080481e-07
2031,Summer,Alpine (GBV),T6 Instate Construction Heavy,RUNEX,TOG,2.69007461828e-06
2031,Summer,Alpine (GBV),T6 Instate Construction Heavy,STREX,NOx,1.65470684539e-05
2031,Summer,Alpine (GBV),T6 Instate Construction Small,IDLEX,CO,1.07867740788e-07
2031,Summer,Alpine (GBV),T6 Instate Construction Small,IDLEX,CO2,0.000838109891206
2031,Summer,Alpine (GBV),T6 Instate Construction Small,IDLEX,NOx,2.23934655382e-06
2031,Summer,Alpine (GBV),T6 Instate Construction Small,IDLEX,PM,1.53248608309e-10
2031,Summer,Alpine (GBV),T6 Instate Construction Small,IDLEX,PM10,1.52329116659e-10
2031,Summer,Alpine (GBV),T6 Instate Construction Small,IDLEX,PM2_5,1.45739426502e-10
2031,Summer,Alpine (GBV),T6 Instate Construction Small,IDLEX,ROG,1.869344253e-08
2031,Summer,Alpine (GBV),T6 Instate Construction Small,IDLEX,SOx,7.99596016415e-09
2031,Summer,Alpine (GBV),T6 Instate Construction Small,IDLEX,TOG,2.12810613514e-08
2031,Summer,Alpine (GBV),T6 Instate Construction Small,PMBW,PM,8.21213827596e-06
2031,Summer,Alpine (GBV),T6 Instate Construction Small,PMBW,PM10,8.04789551044e-06
2031,Summer,Alpine (GBV),T6 Instate Construction Small,PMBW,PM2_5,3.4490980759e-06
2031,Summer,Alpine (GBV),T6 Instate Construction Small,PMTW,PM,7.40944806854e-07
2031,Summer,Alpine (GBV),T6 Instate Construction Small,PMTW,PM10,7.40944806854e-07
2031,Summer,Alpine (GBV),T6 Instate Construction Small,PMTW,PM2_5,1.85236201713e-07
2031,Summer,Alpine (GBV),T6 Instate Construction Small,RUNEX,CO,1.42440818314e-05
2031,Summer,Alpine (GBV),T6 Instate Construction Small,RUNEX,CO2,0.0719985991987
2031,Summer,Alpine (GBV),T6 Instate Construction Small,RUNEX,NOx,6.77618797258e-05
2031,Summer,Alpine (GBV),T6 Instate Construction Small,RUNEX,PM,1.90185944526e-07
2031,Summer,Alpine (GBV),T6 Instate Construction Small,RUNEX,PM10,1.89044828859e-07
2031,Summer,Alpine (GBV),T6 Instate Construction Small,RUNEX,PM2_5,1.80866833244e-07
2031,Summer,Alpine (GBV),T6 Instate Construction Small,RUNEX,ROG,2.70966180774e-06
2031,Summer,Alpine (GBV),T6 Instate Construction Small,RUNEX,SOx,6.8690029447e-07
2031,Summer,Alpine (GBV),T6 Instate Construction Small,RUNEX,TOG,3.08474370516e-06
2031,Summer,Alpine (GBV),T6 Instate Construction Small,STREX,NOx,3.31286531824e-05
2031,Summer,Alpine (GBV),T6 Instate Heavy,IDLEX,CO,6.47766407074e-07
2031,Summer,Alpine (GBV),T6 Instate Heavy,IDLEX,CO2,0.0050340342581
2031,Summer,Alpine (GBV),T6 Instate Heavy,IDLEX,NOx,1.34073441028e-05
2031,Summer,Alpine (GBV),T6 Instate Heavy,IDLEX,PM,8.47093754878e-10
2031,Summer,Alpine (GBV),T6 Instate Heavy,IDLEX,PM10,8.42011192348e-10
2031,Summer,Alpine (GBV),T6 Instate Heavy,IDLEX,PM2_5,8.05586160889e-10
2031,Summer,Alpine (GBV),T6 Instate Heavy,IDLEX,ROG,1.12365474501e-07
2031,Summer,Alpine (GBV),T6 Instate Heavy,IDLEX,SOx,4.80270401472e-08
2031,Summer,Alpine (GBV),T6 Instate Heavy,IDLEX,TOG,1.27919539315e-07
2031,Summer,Alpine (GBV),T6 Instate Heavy,PMBW,PM,5.73699732108e-05
2031,Summer,Alpine (GBV),T6 Instate Heavy,PMBW,PM10,5.62225737466e-05
2031,Summer,Alpine (GBV),T6 Instate Heavy,PMBW,PM2_5,2.40953887485e-05
2031,Summer,Alpine (GBV),T6 Instate Heavy,PMTW,PM,5.17623818444e-06
2031,Summer,Alpine (GBV),T6 Instate Heavy,PMTW,PM10,5.17623818444e-06
2031,Summer,Alpine (GBV),T6 Instate Heavy,PMTW,PM2_5,1.29405954611e-06
2031,Summer,Alpine (GBV),T6 Instate Heavy,RUNEX,CO,0.000103561734221
2031,Summer,Alpine (GBV),T6 Instate Heavy,RUNEX,CO2,0.48988847512
2031,Summer,Alpine (GBV),T6 Instate Heavy,RUNEX,NOx,0.000497900136392
2031,Summer,Alpine (GBV),T6 Instate Heavy,RUNEX,PM,1.38644982559e-06
2031,Summer,Alpine (GBV),T6 Instate Heavy,RUNEX,PM10,1.37813112664e-06
2031,Summer,Alpine (GBV),T6 Instate Heavy,RUNEX,PM2_5,1.31851378413e-06
2031,Summer,Alpine (GBV),T6 Instate Heavy,RUNEX,ROG,1.96748087444e-05
2031,Summer,Alpine (GBV),T6 Instate Heavy,RUNEX,SOx,4.67376506714e-06
2031,Summer,Alpine (GBV),T6 Instate Heavy,RUNEX,TOG,2.23982720837e-05
2031,Summer,Alpine (GBV),T6 Instate Heavy,STREX,NOx,0.000199960067538
2031,Summer,Alpine (GBV),T6 Instate Small,IDLEX,CO,1.47156322335e-06
2031,Summer,Alpine (GBV),T6 Instate Small,IDLEX,CO2,0.0114289298927
2031,Summer,Alpine (GBV),T6 Instate Small,IDLEX,NOx,3.04581316491e-05
2031,Summer,Alpine (GBV),T6 Instate Small,IDLEX,PM,1.92438509128e-09
2031,Summer,Alpine (GBV),T6 Instate Small,IDLEX,PM10,1.91283878073e-09
2031,Summer,Alpine (GBV),T6 Instate Small,IDLEX,PM2_5,1.83009022181e-09
2031,Summer,Alpine (GBV),T6 Instate Small,IDLEX,ROG,2.55266247283e-07
2031,Summer,Alpine (GBV),T6 Instate Small,IDLEX,SOx,1.09037334006e-07
2031,Summer,Alpine (GBV),T6 Instate Small,IDLEX,TOG,2.90601191336e-07
2031,Summer,Alpine (GBV),T6 Instate Small,PMBW,PM,0.000127954785537
2031,Summer,Alpine (GBV),T6 Instate Small,PMBW,PM10,0.000125395689826
2031,Summer,Alpine (GBV),T6 Instate Small,PMBW,PM2_5,5.37410099256e-05
2031,Summer,Alpine (GBV),T6 Instate Small,PMTW,PM,1.154479268e-05
2031,Summer,Alpine (GBV),T6 Instate Small,PMTW,PM10,1.154479268e-05
2031,Summer,Alpine (GBV),T6 Instate Small,PMTW,PM2_5,2.88619817001e-06
2031,Summer,Alpine (GBV),T6 Instate Small,RUNEX,CO,0.000221172296424
2031,Summer,Alpine (GBV),T6 Instate Small,RUNEX,CO2,1.11881292028
2031,Summer,Alpine (GBV),T6 Instate Small,RUNEX,NOx,0.00104251778379
2031,Summer,Alpine (GBV),T6 Instate Small,RUNEX,PM,2.91772008142e-06
2031,Summer,Alpine (GBV),T6 Instate Small,RUNEX,PM10,2.90021376094e-06
2031,Summer,Alpine (GBV),T6 Instate Small,RUNEX,PM2_5,2.77475179743e-06
2031,Summer,Alpine (GBV),T6 Instate Small,RUNEX,ROG,4.20186342423e-05
2031,Summer,Alpine (GBV),T6 Instate Small,RUNEX,SOx,1.06739982854e-05
2031,Summer,Alpine (GBV),T6 Instate Small,RUNEX,TOG,4.78350165723e-05
2031,Summer,Alpine (GBV),T6 Instate Small,STREX,NOx,0.000454313560048
2031,Summer,Alpine (GBV),T6 OOS Heavy,IDLEX,CO,1.75889403611e-08
2031,Summer,Alpine (GBV),T6 OOS Heavy,IDLEX,CO2,0.000134066607447
2031,Summer,Alpine (GBV),T6 OOS Heavy,IDLEX,NOx,3.69630060052e-07
2031,Summer,Alpine (GBV),T6 OOS Heavy,IDLEX,PM,3.42257985717e-11
2031,Summer,Alpine (GBV),T6 OOS Heavy,IDLEX,PM10,3.40204437803e-11
2031,Summer,Alpine (GBV),T6 OOS Heavy,IDLEX,PM2_5,3.25487344417e-11
2031,Summer,Alpine (GBV),T6 OOS Heavy,IDLEX,ROG,3.03706189055e-09
2031,Summer,Alpine (GBV),T6 OOS Heavy,IDLEX,SOx,1.27905810889e-09
2031,Summer,Alpine (GBV),T6 OOS Heavy,IDLEX,TOG,3.45746377733e-09
2031,Summer,Alpine (GBV),T6 OOS Heavy,PMBW,PM,1.34805923831e-06
2031,Summer,Alpine (GBV),T6 OOS Heavy,PMBW,PM10,1.32109805354e-06
2031,Summer,Alpine (GBV),T6 OOS Heavy,PMBW,PM2_5,5.66184880091e-07
2031,Summer,Alpine (GBV),T6 OOS Heavy,PMTW,PM,1.2162940496e-07
2031,Summer,Alpine (GBV),T6 OOS Heavy,PMTW,PM10,1.2162940496e-07
2031,Summer,Alpine (GBV),T6 OOS Heavy,PMTW,PM2_5,3.04073512401e-08
2031,Summer,Alpine (GBV),T6 OOS Heavy,RUNEX,CO,2.25517683804e-06
2031,Summer,Alpine (GBV),T6 OOS Heavy,RUNEX,CO2,0.0114700306919
2031,Summer,Alpine (GBV),T6 OOS Heavy,RUNEX,NOx,1.06184681183e-05
2031,Summer,Alpine (GBV),T6 OOS Heavy,RUNEX,PM,3.09558944926e-08
2031,Summer,Alpine (GBV),T6 OOS Heavy,RUNEX,PM10,3.07701591257e-08
2031,Summer,Alpine (GBV),T6 OOS Heavy,RUNEX,PM2_5,2.94390556625e-08
2031,Summer,Alpine (GBV),T6 OOS Heavy,RUNEX,ROG,4.30735537745e-07
2031,Summer,Alpine (GBV),T6 OOS Heavy,RUNEX,SOx,1.09429454844e-07
2031,Summer,Alpine (GBV),T6 OOS Heavy,RUNEX,TOG,4.90359621578e-07
2031,Summer,Alpine (GBV),T6 OOS Heavy,STREX,NOx,6.16979593981e-06
2031,Summer,Alpine (GBV),T6 OOS Small,IDLEX,CO,4.44046809713e-08
2031,Summer,Alpine (GBV),T6 OOS Small,IDLEX,CO2,0.000339693581026
2031,Summer,Alpine (GBV),T6 OOS Small,IDLEX,NOx,9.29132458144e-07
2031,Summer,Alpine (GBV),T6 OOS Small,IDLEX,PM,7.15666199376e-11
2031,Summer,Alpine (GBV),T6 OOS Small,IDLEX,PM10,7.1137220218e-11
2031,Summer,Alpine (GBV),T6 OOS Small,IDLEX,PM2_5,6.80598555607e-11
2031,Summer,Alpine (GBV),T6 OOS Small,IDLEX,ROG,7.67905948034e-09
2031,Summer,Alpine (GBV),T6 OOS Small,IDLEX,SOx,3.24083556393e-09
2031,Summer,Alpine (GBV),T6 OOS Small,IDLEX,TOG,8.74202467846e-09
2031,Summer,Alpine (GBV),T6 OOS Small,PMBW,PM,4.11653543011e-06
2031,Summer,Alpine (GBV),T6 OOS Small,PMBW,PM10,4.03420472151e-06
2031,Summer,Alpine (GBV),T6 OOS Small,PMBW,PM2_5,1.72894488065e-06
2031,Summer,Alpine (GBV),T6 OOS Small,PMTW,PM,3.71416730536e-07
2031,Summer,Alpine (GBV),T6 OOS Small,PMTW,PM10,3.71416730536e-07
2031,Summer,Alpine (GBV),T6 OOS Small,PMTW,PM2_5,9.28541826341e-08
2031,Summer,Alpine (GBV),T6 OOS Small,RUNEX,CO,6.49988589043e-06
2031,Summer,Alpine (GBV),T6 OOS Small,RUNEX,CO2,0.0358325787544
2031,Summer,Alpine (GBV),T6 OOS Small,RUNEX,NOx,2.93978331135e-05
2031,Summer,Alpine (GBV),T6 OOS Small,RUNEX,PM,8.6142488634e-08
2031,Summer,Alpine (GBV),T6 OOS Small,RUNEX,PM10,8.56256337022e-08
2031,Summer,Alpine (GBV),T6 OOS Small,RUNEX,PM2_5,8.1921506691e-08
2031,Summer,Alpine (GBV),T6 OOS Small,RUNEX,ROG,1.23915234889e-06
2031,Summer,Alpine (GBV),T6 OOS Small,RUNEX,SOx,3.41859552435e-07
2031,Summer,Alpine (GBV),T6 OOS Small,RUNEX,TOG,1.41068062333e-06
2031,Summer,Alpine (GBV),T6 OOS Small,STREX,NOx,1.57132003804e-05
2031,Summer,Alpine (GBV),T6 Public,IDLEX,CO,6.20670136552e-07
2031,Summer,Alpine (GBV),T6 Public,IDLEX,CO2,0.00206688015841
2031,Summer,Alpine (GBV),T6 Public,IDLEX,NOx,2.14015743351e-05
2031,Summer,Alpine (GBV),T6 Public,IDLEX,PM,2.32188495013e-08
2031,Summer,Alpine (GBV),T6 Public,IDLEX,PM10,2.30795364043e-08
2031,Summer,Alpine (GBV),T6 Public,IDLEX,PM2_5,2.20811258757e-08
2031,Summer,Alpine (GBV),T6 Public,IDLEX,ROG,9.16767447023e-08
2031,Summer,Alpine (GBV),T6 Public,IDLEX,SOx,1.97190029424e-08
2031,Summer,Alpine (GBV),T6 Public,IDLEX,TOG,1.04366995292e-07
2031,Summer,Alpine (GBV),T6 Public,PMBW,PM,4.65849668054e-06
2031,Summer,Alpine (GBV),T6 Public,PMBW,PM10,4.56532674693e-06
2031,Summer,Alpine (GBV),T6 Public,PMBW,PM2_5,1.95656860583e-06
2031,Summer,Alpine (GBV),T6 Public,PMTW,PM,4.20315489973e-07
2031,Summer,Alpine (GBV),T6 Public,PMTW,PM10,4.20315489973e-07
2031,Summer,Alpine (GBV),T6 Public,PMTW,PM2_5,1.05078872493e-07
2031,Summer,Alpine (GBV),T6 Public,RUNEX,CO,8.34882998186e-06
2031,Summer,Alpine (GBV),T6 Public,RUNEX,CO2,0.0440187543763
2031,Summer,Alpine (GBV),T6 Public,RUNEX,NOx,0.00016422383189
2031,Summer,Alpine (GBV),T6 Public,RUNEX,PM,1.0554541646e-06
2031,Summer,Alpine (GBV),T6 Public,RUNEX,PM10,1.04912143962e-06
2031,Summer,Alpine (GBV),T6 Public,RUNEX,PM2_5,1.00373691054e-06
2031,Summer,Alpine (GBV),T6 Public,RUNEX,ROG,2.42619435322e-06
2031,Summer,Alpine (GBV),T6 Public,RUNEX,SOx,4.19959494765e-07
2031,Summer,Alpine (GBV),T6 Public,RUNEX,TOG,2.7620375861e-06
2031,Summer,Alpine (GBV),T6 Public,STREX,NOx,3.39512087448e-05
2031,Summer,Alpine (GBV),T6 Utility,IDLEX,CO,1.30850038372e-08
2031,Summer,Alpine (GBV),T6 Utility,IDLEX,CO2,0.000101333054233
2031,Summer,Alpine (GBV),T6 Utility,IDLEX,NOx,2.70830884584e-07
2031,Summer,Alpine (GBV),T6 Utility,IDLEX,PM,1.71114539315e-11
2031,Summer,Alpine (GBV),T6 Utility,IDLEX,PM10,1.70087852079e-11
2031,Summer,Alpine (GBV),T6 Utility,IDLEX,PM2_5,1.62729926888e-11
2031,Summer,Alpine (GBV),T6 Utility,IDLEX,ROG,2.26980381964e-09
2031,Summer,Alpine (GBV),T6 Utility,IDLEX,SOx,9.66764708853e-10
2031,Summer,Alpine (GBV),T6 Utility,IDLEX,TOG,2.58399886827e-09
2031,Summer,Alpine (GBV),T6 Utility,PMBW,PM,3.82451439373e-07
2031,Summer,Alpine (GBV),T6 Utility,PMBW,PM10,3.74802410586e-07
2031,Summer,Alpine (GBV),T6 Utility,PMBW,PM2_5,1.60629604537e-07
2031,Summer,Alpine (GBV),T6 Utility,PMTW,PM,3.45068967856e-08
2031,Summer,Alpine (GBV),T6 Utility,PMTW,PM10,3.45068967856e-08
2031,Summer,Alpine (GBV),T6 Utility,PMTW,PM2_5,8.62672419639e-09
2031,Summer,Alpine (GBV),T6 Utility,RUNEX,CO,5.00060494973e-07
2031,Summer,Alpine (GBV),T6 Utility,RUNEX,CO2,0.00334394603201
2031,Summer,Alpine (GBV),T6 Utility,RUNEX,NOx,2.02378858926e-06
2031,Summer,Alpine (GBV),T6 Utility,RUNEX,PM,5.84865251149e-09
2031,Summer,Alpine (GBV),T6 Utility,RUNEX,PM10,5.81356059642e-09
2031,Summer,Alpine (GBV),T6 Utility,RUNEX,PM2_5,5.56206853843e-09
2031,Summer,Alpine (GBV),T6 Utility,RUNEX,ROG,9.50022194325e-08
2031,Summer,Alpine (GBV),T6 Utility,RUNEX,SOx,3.19028083829e-08
2031,Summer,Alpine (GBV),T6 Utility,RUNEX,TOG,1.08152795133e-07
2031,Summer,Alpine (GBV),T6 Utility,STREX,NOx,4.03777997915e-06
2031,Summer,Alpine (GBV),T7 Ag,IDLEX,CO,5.19891199087e-06
2031,Summer,Alpine (GBV),T7 Ag,IDLEX,CO2,0.0253230053338
2031,Summer,Alpine (GBV),T7 Ag,IDLEX,NOx,6.09290081993e-05
2031,Summer,Alpine (GBV),T7 Ag,IDLEX,PM,4.83250577029e-09
2031,Summer,Alpine (GBV),T7 Ag,IDLEX,PM10,4.80351073567e-09
2031,Summer,Alpine (GBV),T7 Ag,IDLEX,PM2_5,4.59571298755e-09
2031,Summer,Alpine (GBV),T7 Ag,IDLEX,ROG,1.82391667669e-06
2031,Summer,Alpine (GBV),T7 Ag,IDLEX,SOx,2.41593308957e-07
2031,Summer,Alpine (GBV),T7 Ag,IDLEX,TOG,2.07639029752e-06
2031,Summer,Alpine (GBV),T7 Ag,PMBW,PM,2.88509824356e-06
2031,Summer,Alpine (GBV),T7 Ag,PMBW,PM10,2.82739627869e-06
2031,Summer,Alpine (GBV),T7 Ag,PMBW,PM2_5,1.2117412623e-06
2031,Summer,Alpine (GBV),T7 Ag,PMTW,PM,1.64862756775e-06
2031,Summer,Alpine (GBV),T7 Ag,PMTW,PM10,1.64862756775e-06
2031,Summer,Alpine (GBV),T7 Ag,PMTW,PM2_5,4.12156891937e-07
2031,Summer,Alpine (GBV),T7 Ag,RUNEX,CO,2.55838857133e-05
2031,Summer,Alpine (GBV),T7 Ag,RUNEX,CO2,0.0741400055267
2031,Summer,Alpine (GBV),T7 Ag,RUNEX,NOx,0.000111118121687
2031,Summer,Alpine (GBV),T7 Ag,RUNEX,PM,3.15120964807e-07
2031,Summer,Alpine (GBV),T7 Ag,RUNEX,PM10,3.13230239018e-07
2031,Summer,Alpine (GBV),T7 Ag,RUNEX,PM2_5,2.99680037531e-07
2031,Summer,Alpine (GBV),T7 Ag,RUNEX,ROG,4.33275058931e-06
2031,Summer,Alpine (GBV),T7 Ag,RUNEX,SOx,7.0733031191e-07
2031,Summer,Alpine (GBV),T7 Ag,RUNEX,TOG,4.93250673137e-06
2031,Summer,Alpine (GBV),T7 Ag,STREX,NOx,0.000209916250614
2031,Summer,Alpine (GBV),T7 CAIRP,IDLEX,CO,0.000134956927478
2031,Summer,Alpine (GBV),T7 CAIRP,IDLEX,CO2,0.580453117245
2031,Summer,Alpine (GBV),T7 CAIRP,IDLEX,NOx,0.00157944920232
2031,Summer,Alpine (GBV),T7 CAIRP,IDLEX,PM,2.45354101557e-07
2031,Summer,Alpine (GBV),T7 CAIRP,IDLEX,PM10,2.43881976948e-07
2031,Summer,Alpine (GBV),T7 CAIRP,IDLEX,PM2_5,2.33331750581e-07
2031,Summer,Alpine (GBV),T7 CAIRP,IDLEX,ROG,4.74971887394e-05
2031,Summer,Alpine (GBV),T7 CAIRP,IDLEX,SOx,5.53779409043e-06
2031,Summer,Alpine (GBV),T7 CAIRP,IDLEX,TOG,5.40719338326e-05
2031,Summer,Alpine (GBV),T7 CAIRP,PMBW,PM,0.000358532380933
2031,Summer,Alpine (GBV),T7 CAIRP,PMBW,PM10,0.000351361733314
2031,Summer,Alpine (GBV),T7 CAIRP,PMBW,PM2_5,0.000150583599992
2031,Summer,Alpine (GBV),T7 CAIRP,PMTW,PM,0.000204875646247
2031,Summer,Alpine (GBV),T7 CAIRP,PMTW,PM10,0.000204875646247
2031,Summer,Alpine (GBV),T7 CAIRP,PMTW,PM2_5,5.12189115619e-05
2031,Summer,Alpine (GBV),T7 CAIRP,RUNEX,CO,0.00263406639571
2031,Summer,Alpine (GBV),T7 CAIRP,RUNEX,CO2,8.13780880018
2031,Summer,Alpine (GBV),T7 CAIRP,RUNEX,NOx,0.00818711272936
2031,Summer,Alpine (GBV),T7 CAIRP,RUNEX,PM,3.42714867277e-05
2031,Summer,Alpine (GBV),T7 CAIRP,RUNEX,PM10,3.40658578073e-05
2031,Summer,Alpine (GBV),T7 CAIRP,RUNEX,PM2_5,3.2592183878e-05
2031,Summer,Alpine (GBV),T7 CAIRP,RUNEX,ROG,0.00044982221865
2031,Summer,Alpine (GBV),T7 CAIRP,RUNEX,SOx,7.76385002402e-05
2031,Summer,Alpine (GBV),T7 CAIRP,RUNEX,TOG,0.000512088354886
2031,Summer,Alpine (GBV),T7 CAIRP,STREX,NOx,0.00113984499375
2031,Summer,Alpine (GBV),T7 CAIRP Construction,IDLEX,CO,9.12998690794e-07
2031,Summer,Alpine (GBV),T7 CAIRP Construction,IDLEX,CO2,0.00396322982642
2031,Summer,Alpine (GBV),T7 CAIRP Construction,IDLEX,NOx,1.06995905406e-05
2031,Summer,Alpine (GBV),T7 CAIRP Construction,IDLEX,PM,8.8187869255e-10
2031,Summer,Alpine (GBV),T7 CAIRP Construction,IDLEX,PM10,8.76587420395e-10
2031,Summer,Alpine (GBV),T7 CAIRP Construction,IDLEX,PM2_5,8.38666636615e-10
2031,Summer,Alpine (GBV),T7 CAIRP Construction,IDLEX,ROG,3.20346165745e-07
2031,Summer,Alpine (GBV),T7 CAIRP Construction,IDLEX,SOx,3.78110652863e-08
2031,Summer,Alpine (GBV),T7 CAIRP Construction,IDLEX,TOG,3.64689724537e-07
2031,Summer,Alpine (GBV),T7 CAIRP Construction,PMBW,PM,2.15480622644e-06
2031,Summer,Alpine (GBV),T7 CAIRP Construction,PMBW,PM10,2.11171010191e-06
2031,Summer,Alpine (GBV),T7 CAIRP Construction,PMBW,PM2_5,9.05018615103e-07
2031,Summer,Alpine (GBV),T7 CAIRP Construction,PMTW,PM,1.23131784368e-06
2031,Summer,Alpine (GBV),T7 CAIRP Construction,PMTW,PM10,1.23131784368e-06
2031,Summer,Alpine (GBV),T7 CAIRP Construction,PMTW,PM2_5,3.07829460919e-07
2031,Summer,Alpine (GBV),T7 CAIRP Construction,RUNEX,CO,1.60351899733e-05
2031,Summer,Alpine (GBV),T7 CAIRP Construction,RUNEX,CO2,0.0501588219845
2031,Summer,Alpine (GBV),T7 CAIRP Construction,RUNEX,NOx,4.73463410314e-05
2031,Summer,Alpine (GBV),T7 CAIRP Construction,RUNEX,PM,1.9674667609e-07
2031,Summer,Alpine (GBV),T7 CAIRP Construction,RUNEX,PM10,1.95566196034e-07
2031,Summer,Alpine (GBV),T7 CAIRP Construction,RUNEX,PM2_5,1.87106088962e-07
2031,Summer,Alpine (GBV),T7 CAIRP Construction,RUNEX,ROG,2.71720851325e-06
2031,Summer,Alpine (GBV),T7 CAIRP Construction,RUNEX,SOx,4.78538610124e-07
2031,Summer,Alpine (GBV),T7 CAIRP Construction,RUNEX,TOG,3.09333505492e-06
2031,Summer,Alpine (GBV),T7 CAIRP Construction,STREX,NOx,7.91602641349e-06
2031,Summer,Alpine (GBV),T7 NNOOS,IDLEX,CO,0.000195721516288
2031,Summer,Alpine (GBV),T7 NNOOS,IDLEX,CO2,0.845076252603
2031,Summer,Alpine (GBV),T7 NNOOS,IDLEX,NOx,0.00229377182988
2031,Summer,Alpine (GBV),T7 NNOOS,IDLEX,PM,1.81927556861e-07
2031,Summer,Alpine (GBV),T7 NNOOS,IDLEX,PM10,1.80835991519e-07
2031,Summer,Alpine (GBV),T7 NNOOS,IDLEX,PM2_5,1.73013106574e-07
2031,Summer,Alpine (GBV),T7 NNOOS,IDLEX,ROG,6.86643163362e-05
2031,Summer,Alpine (GBV),T7 NNOOS,IDLEX,SOx,8.06242250854e-06
2031,Summer,Alpine (GBV),T7 NNOOS,IDLEX,TOG,7.81690973325e-05
2031,Summer,Alpine (GBV),T7 NNOOS,PMBW,PM,0.000433621673578
2031,Summer,Alpine (GBV),T7 NNOOS,PMBW,PM10,0.000424949240106
2031,Summer,Alpine (GBV),T7 NNOOS,PMBW,PM2_5,0.000182121102903
2031,Summer,Alpine (GBV),T7 NNOOS,PMTW,PM,0.000247783813473
2031,Summer,Alpine (GBV),T7 NNOOS,PMTW,PM10,0.000247783813473
2031,Summer,Alpine (GBV),T7 NNOOS,PMTW,PM2_5,6.19459533682e-05
2031,Summer,Alpine (GBV),T7 NNOOS,RUNEX,CO,0.00277778355421
2031,Summer,Alpine (GBV),T7 NNOOS,RUNEX,CO2,9.77842578357
2031,Summer,Alpine (GBV),T7 NNOOS,RUNEX,NOx,0.00757490502747
2031,Summer,Alpine (GBV),T7 NNOOS,RUNEX,PM,3.23660476847e-05
2031,Summer,Alpine (GBV),T7 NNOOS,RUNEX,PM10,3.21718513986e-05
2031,Summer,Alpine (GBV),T7 NNOOS,RUNEX,PM2_5,3.07801113482e-05
2031,Summer,Alpine (GBV),T7 NNOOS,RUNEX,ROG,0.000470430624431
2031,Summer,Alpine (GBV),T7 NNOOS,RUNEX,SOx,9.32907532222e-05
2031,Summer,Alpine (GBV),T7 NNOOS,RUNEX,TOG,0.000535549456129
2031,Summer,Alpine (GBV),T7 NNOOS,STREX,NOx,0.00137000174989
2031,Summer,Alpine (GBV),T7 NOOS,IDLEX,CO,6.65233146595e-05
2031,Summer,Alpine (GBV),T7 NOOS,IDLEX,CO2,0.28630072652
2031,Summer,Alpine (GBV),T7 NOOS,IDLEX,NOx,0.000778212924431
2031,Summer,Alpine (GBV),T7 NOOS,IDLEX,PM,1.21773400719e-07
2031,Summer,Alpine (GBV),T7 NOOS,IDLEX,PM10,1.21042760315e-07
2031,Summer,Alpine (GBV),T7 NOOS,IDLEX,PM2_5,1.15806504084e-07
2031,Summer,Alpine (GBV),T7 NOOS,IDLEX,ROG,2.3418566971e-05
2031,Summer,Alpine (GBV),T7 NOOS,IDLEX,SOx,2.73144277169e-06
2031,Summer,Alpine (GBV),T7 NOOS,IDLEX,TOG,2.66602558449e-05
2031,Summer,Alpine (GBV),T7 NOOS,PMBW,PM,0.000141626429405
2031,Summer,Alpine (GBV),T7 NOOS,PMBW,PM10,0.000138793900817
2031,Summer,Alpine (GBV),T7 NOOS,PMBW,PM2_5,5.94831003501e-05
2031,Summer,Alpine (GBV),T7 NOOS,PMTW,PM,8.09293882314e-05
2031,Summer,Alpine (GBV),T7 NOOS,PMTW,PM10,8.09293882314e-05
2031,Summer,Alpine (GBV),T7 NOOS,PMTW,PM2_5,2.02323470579e-05
2031,Summer,Alpine (GBV),T7 NOOS,RUNEX,CO,0.00104164686076
2031,Summer,Alpine (GBV),T7 NOOS,RUNEX,CO2,3.21512045785
2031,Summer,Alpine (GBV),T7 NOOS,RUNEX,NOx,0.00324192531614
2031,Summer,Alpine (GBV),T7 NOOS,RUNEX,PM,1.3550699993e-05
2031,Summer,Alpine (GBV),T7 NOOS,RUNEX,PM10,1.3469395793e-05
2031,Summer,Alpine (GBV),T7 NOOS,RUNEX,PM2_5,1.28867156933e-05
2031,Summer,Alpine (GBV),T7 NOOS,RUNEX,ROG,0.000177875584132
2031,Summer,Alpine (GBV),T7 NOOS,RUNEX,SOx,3.06737521818e-05
2031,Summer,Alpine (GBV),T7 NOOS,RUNEX,TOG,0.000202497812415
2031,Summer,Alpine (GBV),T7 NOOS,STREX,NOx,0.000452799572701
2031,Summer,Alpine (GBV),T7 Public,IDLEX,CO,8.04256922808e-05
2031,Summer,Alpine (GBV),T7 Public,IDLEX,CO2,0.287386310625
2031,Summer,Alpine (GBV),T7 Public,IDLEX,NOx,0.0012000594839
2031,Summer,Alpine (GBV),T7 Public,IDLEX,PM,6.16180712869e-07
2031,Summer,Alpine (GBV),T7 Public,IDLEX,PM10,6.12483628592e-07
2031,Summer,Alpine (GBV),T7 Public,IDLEX,PM2_5,5.85987857938e-07
2031,Summer,Alpine (GBV),T7 Public,IDLEX,ROG,2.64542157806e-05
2031,Summer,Alpine (GBV),T7 Public,IDLEX,SOx,2.74179975155e-06
2031,Summer,Alpine (GBV),T7 Public,IDLEX,TOG,3.01161109372e-05
2031,Summer,Alpine (GBV),T7 Public,PMBW,PM,5.64112294956e-05
2031,Summer,Alpine (GBV),T7 Public,PMBW,PM10,5.52830049057e-05
2031,Summer,Alpine (GBV),T7 Public,PMBW,PM2_5,2.36927163882e-05
2031,Summer,Alpine (GBV),T7 Public,PMTW,PM,3.22349882832e-05
2031,Summer,Alpine (GBV),T7 Public,PMTW,PM10,3.22349882832e-05
2031,Summer,Alpine (GBV),T7 Public,PMTW,PM2_5,8.0587470708e-06
2031,Summer,Alpine (GBV),T7 Public,RUNEX,CO,0.000278247977214
2031,Summer,Alpine (GBV),T7 Public,RUNEX,CO2,1.3531857508
2031,Summer,Alpine (GBV),T7 Public,RUNEX,NOx,0.00145480293476
2031,Summer,Alpine (GBV),T7 Public,RUNEX,PM,8.51749442388e-06
2031,Summer,Alpine (GBV),T7 Public,RUNEX,PM10,8.46638945733e-06
2031,Summer,Alpine (GBV),T7 Public,RUNEX,PM2_5,8.10013719711e-06
2031,Summer,Alpine (GBV),T7 Public,RUNEX,ROG,5.13283778121e-05
2031,Summer,Alpine (GBV),T7 Public,RUNEX,SOx,1.29100246539e-05
2031,Summer,Alpine (GBV),T7 Public,RUNEX,TOG,5.84334509568e-05
2031,Summer,Alpine (GBV),T7 Public,STREX,NOx,0.00158654033208
2031,Summer,Alpine (GBV),T7 Single Construction,IDLEX,CO,1.03115455721e-06
2031,Summer,Alpine (GBV),T7 Single Construction,IDLEX,CO2,0.00465215034252
2031,Summer,Alpine (GBV),T7 Single Construction,IDLEX,NOx,1.21051064942e-05
2031,Summer,Alpine (GBV),T7 Single Construction,IDLEX,PM,1.0470952018e-09
2031,Summer,Alpine (GBV),T7 Single Construction,IDLEX,PM10,1.04081263059e-09
2031,Summer,Alpine (GBV),T7 Single Construction,IDLEX,PM2_5,9.9578753691e-10
2031,Summer,Alpine (GBV),T7 Single Construction,IDLEX,ROG,3.61565685715e-07
2031,Summer,Alpine (GBV),T7 Single Construction,IDLEX,SOx,4.43836890684e-08
2031,Summer,Alpine (GBV),T7 Single Construction,IDLEX,TOG,4.11615010341e-07
2031,Summer,Alpine (GBV),T7 Single Construction,PMBW,PM,5.61289351443e-06
2031,Summer,Alpine (GBV),T7 Single Construction,PMBW,PM10,5.50063564414e-06
2031,Summer,Alpine (GBV),T7 Single Construction,PMBW,PM2_5,2.35741527606e-06
2031,Summer,Alpine (GBV),T7 Single Construction,PMTW,PM,3.20736772253e-06
2031,Summer,Alpine (GBV),T7 Single Construction,PMTW,PM10,3.20736772253e-06
2031,Summer,Alpine (GBV),T7 Single Construction,PMTW,PM2_5,8.01841930632e-07
2031,Summer,Alpine (GBV),T7 Single Construction,RUNEX,CO,3.44495706206e-05
2031,Summer,Alpine (GBV),T7 Single Construction,RUNEX,CO2,0.133703198129
2031,Summer,Alpine (GBV),T7 Single Construction,RUNEX,NOx,0.000105272394338
2031,Summer,Alpine (GBV),T7 Single Construction,RUNEX,PM,4.05418401793e-07
2031,Summer,Alpine (GBV),T7 Single Construction,RUNEX,PM10,4.02985891382e-07
2031,Summer,Alpine (GBV),T7 Single Construction,RUNEX,PM2_5,3.85552900105e-07
2031,Summer,Alpine (GBV),T7 Single Construction,RUNEX,ROG,5.85311377444e-06
2031,Summer,Alpine (GBV),T7 Single Construction,RUNEX,SOx,1.27559101411e-06
2031,Summer,Alpine (GBV),T7 Single Construction,RUNEX,TOG,6.66332448563e-06
2031,Summer,Alpine (GBV),T7 Single Construction,STREX,NOx,4.22647339932e-05
2031,Summer,Alpine (GBV),T7 SWCV,IDLEX,CO,7.73150383215e-07
2031,Summer,Alpine (GBV),T7 SWCV,IDLEX,CO2,0.00127430993178
2031,Summer,Alpine (GBV),T7 SWCV,IDLEX,NOx,1.75281375177e-05
2031,Summer,Alpine (GBV),T7 SWCV,IDLEX,PM,2.25033137926e-08
2031,Summer,Alpine (GBV),T7 SWCV,IDLEX,PM10,2.23682939099e-08
2031,Summer,Alpine (GBV),T7 SWCV,IDLEX,PM2_5,2.14006514168e-08
2031,Summer,Alpine (GBV),T7 SWCV,IDLEX,ROG,2.21204168012e-07
2031,Summer,Alpine (GBV),T7 SWCV,IDLEX,SOx,1.21575124673e-08
2031,Summer,Alpine (GBV),T7 SWCV,IDLEX,TOG,2.51824106935e-07
2031,Summer,Alpine (GBV),T7 SWCV,PMBW,PM,4.12582392323e-07
2031,Summer,Alpine (GBV),T7 SWCV,PMBW,PM10,4.04330744476e-07
2031,Summer,Alpine (GBV),T7 SWCV,PMBW,PM2_5,1.73284604775e-07
2031,Summer,Alpine (GBV),T7 SWCV,PMTW,PM,2.35761367041e-07
2031,Summer,Alpine (GBV),T7 SWCV,PMTW,PM10,2.35761367041e-07
2031,Summer,Alpine (GBV),T7 SWCV,PMTW,PM2_5,5.89403417604e-08
2031,Summer,Alpine (GBV),T7 SWCV,RUNEX,CO,5.78238029578e-07
2031,Summer,Alpine (GBV),T7 SWCV,RUNEX,CO2,0.0311630400213
2031,Summer,Alpine (GBV),T7 SWCV,RUNEX,NOx,9.24650959308e-05
2031,Summer,Alpine (GBV),T7 SWCV,RUNEX,PM,9.32249757224e-08
2031,Summer,Alpine (GBV),T7 SWCV,RUNEX,PM10,9.26656258681e-08
2031,Summer,Alpine (GBV),T7 SWCV,RUNEX,PM2_5,8.8656951912e-08
2031,Summer,Alpine (GBV),T7 SWCV,RUNEX,ROG,1.91805293335e-07
2031,Summer,Alpine (GBV),T7 SWCV,RUNEX,SOx,2.97309969992e-07
2031,Summer,Alpine (GBV),T7 SWCV,RUNEX,TOG,2.18355725996e-07
2031,Summer,Alpine (GBV),T7 SWCV,STREX,NOx,8.84148468324e-07
2031,Summer,Alpine (GBV),T7 Tractor,IDLEX,CO,1.45068187249e-05
2031,Summer,Alpine (GBV),T7 Tractor,IDLEX,CO2,0.0617516829615
2031,Summer,Alpine (GBV),T7 Tractor,IDLEX,NOx,0.000169517686971
2031,Summer,Alpine (GBV),T7 Tractor,IDLEX,PM,2.27261984054e-08
2031,Summer,Alpine (GBV),T7 Tractor,IDLEX,PM10,2.2589841215e-08
2031,Summer,Alpine (GBV),T7 Tractor,IDLEX,PM2_5,2.16126146835e-08
2031,Summer,Alpine (GBV),T7 Tractor,IDLEX,ROG,5.04399800667e-06
2031,Summer,Alpine (GBV),T7 Tractor,IDLEX,SOx,5.89139923309e-07
2031,Summer,Alpine (GBV),T7 Tractor,IDLEX,TOG,5.74220777497e-06
2031,Summer,Alpine (GBV),T7 Tractor,PMBW,PM,5.85619599652e-05
2031,Summer,Alpine (GBV),T7 Tractor,PMBW,PM10,5.73907207659e-05
2031,Summer,Alpine (GBV),T7 Tractor,PMBW,PM2_5,2.45960231854e-05
2031,Summer,Alpine (GBV),T7 Tractor,PMTW,PM,3.3463977123e-05
2031,Summer,Alpine (GBV),T7 Tractor,PMTW,PM10,3.3463977123e-05
2031,Summer,Alpine (GBV),T7 Tractor,PMTW,PM2_5,8.36599428074e-06
2031,Summer,Alpine (GBV),T7 Tractor,RUNEX,CO,0.000523497663161
2031,Summer,Alpine (GBV),T7 Tractor,RUNEX,CO2,1.38559993339
2031,Summer,Alpine (GBV),T7 Tractor,RUNEX,NOx,0.00214459458411
2031,Summer,Alpine (GBV),T7 Tractor,RUNEX,PM,7.90809074286e-06
2031,Summer,Alpine (GBV),T7 Tractor,RUNEX,PM10,7.8606421984e-06
2031,Summer,Alpine (GBV),T7 Tractor,RUNEX,PM2_5,7.52059429646e-06
2031,Summer,Alpine (GBV),T7 Tractor,RUNEX,ROG,9.18595295965e-05
2031,Summer,Alpine (GBV),T7 Tractor,RUNEX,SOx,1.32192711088e-05
2031,Summer,Alpine (GBV),T7 Tractor,RUNEX,TOG,0.00010457508198
2031,Summer,Alpine (GBV),T7 Tractor,STREX,NOx,0.000539594159689
2031,Summer,Alpine (GBV),T7 Tractor Construction,IDLEX,CO,8.31093404828e-07
2031,Summer,Alpine (GBV),T7 Tractor Construction,IDLEX,CO2,0.00370788049271
2031,Summer,Alpine (GBV),T7 Tractor Construction,IDLEX,NOx,9.74551263676e-06
2031,Summer,Alpine (GBV),T7 Tractor Construction,IDLEX,PM,7.97332391231e-10
2031,Summer,Alpine (GBV),T7 Tractor Construction,IDLEX,PM10,7.92548396884e-10
2031,Summer,Alpine (GBV),T7 Tractor Construction,IDLEX,PM2_5,7.58263104061e-10
2031,Summer,Alpine (GBV),T7 Tractor Construction,IDLEX,ROG,2.91489162902e-07
2031,Summer,Alpine (GBV),T7 Tractor Construction,IDLEX,SOx,3.53749132712e-08
2031,Summer,Alpine (GBV),T7 Tractor Construction,IDLEX,TOG,3.31838223433e-07
2031,Summer,Alpine (GBV),T7 Tractor Construction,PMBW,PM,4.18349120359e-06
2031,Summer,Alpine (GBV),T7 Tractor Construction,PMBW,PM10,4.09982137952e-06
2031,Summer,Alpine (GBV),T7 Tractor Construction,PMBW,PM2_5,1.75706630551e-06
2031,Summer,Alpine (GBV),T7 Tractor Construction,PMTW,PM,2.39056640205e-06
2031,Summer,Alpine (GBV),T7 Tractor Construction,PMTW,PM10,2.39056640205e-06
2031,Summer,Alpine (GBV),T7 Tractor Construction,PMTW,PM2_5,5.97641600513e-07
2031,Summer,Alpine (GBV),T7 Tractor Construction,RUNEX,CO,3.28266970343e-05
2031,Summer,Alpine (GBV),T7 Tractor Construction,RUNEX,CO2,0.099138829895
2031,Summer,Alpine (GBV),T7 Tractor Construction,RUNEX,NOx,0.000106091368967
2031,Summer,Alpine (GBV),T7 Tractor Construction,RUNEX,PM,4.08320440456e-07
2031,Summer,Alpine (GBV),T7 Tractor Construction,RUNEX,PM10,4.05870517813e-07
2031,Summer,Alpine (GBV),T7 Tractor Construction,RUNEX,PM2_5,3.88312738874e-07
2031,Summer,Alpine (GBV),T7 Tractor Construction,RUNEX,ROG,5.56664255002e-06
2031,Summer,Alpine (GBV),T7 Tractor Construction,RUNEX,SOx,9.45830782907e-07
2031,Summer,Alpine (GBV),T7 Tractor Construction,RUNEX,TOG,6.33719880319e-06
2031,Summer,Alpine (GBV),T7 Tractor Construction,STREX,NOx,3.42395466597e-05
2031,Summer,Alpine (GBV),T7 Utility,IDLEX,CO,2.21688657362e-07
2031,Summer,Alpine (GBV),T7 Utility,IDLEX,CO2,0.000982961898605
2031,Summer,Alpine (GBV),T7 Utility,IDLEX,NOx,2.59809553342e-06
2031,Summer,Alpine (GBV),T7 Utility,IDLEX,PM,2.06064599245e-10
2031,Summer,Alpine (GBV),T7 Utility,IDLEX,PM10,2.0482821165e-10
2031,Summer,Alpine (GBV),T7 Utility,IDLEX,PM2_5,1.95967433882e-10
2031,Summer,Alpine (GBV),T7 Utility,IDLEX,ROG,7.77742804468e-08
2031,Summer,Alpine (GBV),T7 Utility,IDLEX,SOx,9.37791603057e-09
2031,Summer,Alpine (GBV),T7 Utility,IDLEX,TOG,8.85400980102e-08
2031,Summer,Alpine (GBV),T7 Utility,PMBW,PM,1.95814170005e-07
2031,Summer,Alpine (GBV),T7 Utility,PMBW,PM10,1.91897886605e-07
2031,Summer,Alpine (GBV),T7 Utility,PMBW,PM2_5,8.2241951402e-08
2031,Summer,Alpine (GBV),T7 Utility,PMTW,PM,1.11893811431e-07
2031,Summer,Alpine (GBV),T7 Utility,PMTW,PM10,1.11893811431e-07
2031,Summer,Alpine (GBV),T7 Utility,PMTW,PM2_5,2.79734528578e-08
2031,Summer,Alpine (GBV),T7 Utility,RUNEX,CO,9.27672183277e-07
2031,Summer,Alpine (GBV),T7 Utility,RUNEX,CO2,0.00466038181607
2031,Summer,Alpine (GBV),T7 Utility,RUNEX,NOx,2.38290940849e-06
2031,Summer,Alpine (GBV),T7 Utility,RUNEX,PM,9.44037707648e-09
2031,Summer,Alpine (GBV),T7 Utility,RUNEX,PM10,9.38373481402e-09
2031,Summer,Alpine (GBV),T7 Utility,RUNEX,PM2_5,8.97779859973e-09
2031,Summer,Alpine (GBV),T7 Utility,RUNEX,ROG,1.57105618897e-07
2031,Summer,Alpine (GBV),T7 Utility,RUNEX,SOx,4.44622211742e-08
2031,Summer,Alpine (GBV),T7 Utility,RUNEX,TOG,1.78852788032e-07
2031,Summer,Alpine (GBV),T7 Utility,STREX,NOx,6.06306372814e-06
2031,Summer,Alpine (GBV),SBUS,IDLEX,CO,3.61891464716e-06
2031,Summer,Alpine (GBV),SBUS,IDLEX,CO2,0.0168827080624
2031,Summer,Alpine (GBV),SBUS,IDLEX,NOx,9.4538597985e-05
2031,Summer,Alpine (GBV),SBUS,IDLEX,PM,3.66984797793e-08
2031,Summer,Alpine (GBV),SBUS,IDLEX,PM10,3.64782889006e-08
2031,Summer,Alpine (GBV),SBUS,IDLEX,PM2_5,3.49002542701e-08
2031,Summer,Alpine (GBV),SBUS,IDLEX,ROG,5.65323450346e-07
2031,Summer,Alpine (GBV),SBUS,IDLEX,SOx,1.61068927292e-07
2031,Summer,Alpine (GBV),SBUS,IDLEX,TOG,6.43577715069e-07
2031,Summer,Alpine (GBV),SBUS,PMBW,PM,0.000126981972084
2031,Summer,Alpine (GBV),SBUS,PMBW,PM10,0.000124442332642
2031,Summer,Alpine (GBV),SBUS,PMBW,PM2_5,5.33324282752e-05
2031,Summer,Alpine (GBV),SBUS,PMTW,PM,2.00497850659e-06
2031,Summer,Alpine (GBV),SBUS,PMTW,PM10,2.00497850659e-06
2031,Summer,Alpine (GBV),SBUS,PMTW,PM2_5,5.01244626647e-07
2031,Summer,Alpine (GBV),SBUS,RUNEX,CO,5.71358214165e-05
2031,Summer,Alpine (GBV),SBUS,RUNEX,CO2,0.211157694589
2031,Summer,Alpine (GBV),SBUS,RUNEX,NOx,0.000433051263336
2031,Summer,Alpine (GBV),SBUS,RUNEX,PM,2.1546344182e-06
2031,Summer,Alpine (GBV),SBUS,RUNEX,PM10,2.14170661169e-06
2031,Summer,Alpine (GBV),SBUS,RUNEX,PM2_5,2.04905733171e-06
2031,Summer,Alpine (GBV),SBUS,RUNEX,ROG,1.47956305848e-05
2031,Summer,Alpine (GBV),SBUS,RUNEX,SOx,2.014543119e-06
2031,Summer,Alpine (GBV),SBUS,RUNEX,TOG,1.68436991583e-05
2031,Summer,Alpine (GBV),SBUS,STREX,NOx,9.25527485539e-05
2031,Summer,Alpine (GBV),Motor Coach,IDLEX,CO,1.98699355306e-06
2031,Summer,Alpine (GBV),Motor Coach,IDLEX,CO2,0.00945796885128
2031,Summer,Alpine (GBV),Motor Coach,IDLEX,NOx,2.32867081996e-05
2031,Summer,Alpine (GBV),Motor Coach,IDLEX,PM,1.84695525286e-09
2031,Summer,Alpine (GBV),Motor Coach,IDLEX,PM10,1.83587352135e-09
2031,Summer,Alpine (GBV),Motor Coach,IDLEX,PM2_5,1.75645444547e-09
2031,Summer,Alpine (GBV),Motor Coach,IDLEX,ROG,6.97090215083e-07
2031,Summer,Alpine (GBV),Motor Coach,IDLEX,SOx,9.023344428e-08
2031,Summer,Alpine (GBV),Motor Coach,IDLEX,TOG,7.93584146466e-07
2031,Summer,Alpine (GBV),Motor Coach,PMBW,PM,1.3523494326e-05
2031,Summer,Alpine (GBV),Motor Coach,PMBW,PM10,1.32530244395e-05
2031,Summer,Alpine (GBV),Motor Coach,PMBW,PM2_5,5.67986761693e-06
2031,Summer,Alpine (GBV),Motor Coach,PMTW,PM,1.2201649016e-06
2031,Summer,Alpine (GBV),Motor Coach,PMTW,PM10,1.2201649016e-06
2031,Summer,Alpine (GBV),Motor Coach,PMTW,PM2_5,3.05041225399e-07
2031,Summer,Alpine (GBV),Motor Coach,RUNEX,CO,5.0514617319e-05
2031,Summer,Alpine (GBV),Motor Coach,RUNEX,CO2,0.165195836455
2031,Summer,Alpine (GBV),Motor Coach,RUNEX,NOx,0.000173867747212
2031,Summer,Alpine (GBV),Motor Coach,RUNEX,PM,5.31041618012e-07
2031,Summer,Alpine (GBV),Motor Coach,RUNEX,PM10,5.27855368304e-07
2031,Summer,Alpine (GBV),Motor Coach,RUNEX,PM2_5,5.0502057873e-07
2031,Summer,Alpine (GBV),Motor Coach,RUNEX,ROG,8.55488647857e-06
2031,Summer,Alpine (GBV),Motor Coach,RUNEX,SOx,1.57604550601e-06
2031,Summer,Alpine (GBV),Motor Coach,RUNEX,TOG,9.73908704687e-06
2031,Summer,Alpine (GBV),Motor Coach,STREX,NOx,4.49800416042e-05
2031,Summer,Alpine (GBV),All Other Buses,IDLEX,CO,6.25854017163e-07
2031,Summer,Alpine (GBV),All Other Buses,IDLEX,CO2,0.00490336291021
2031,Summer,Alpine (GBV),All Other Buses,IDLEX,NOx,1.29538056846e-05
2031,Summer,Alpine (GBV),All Other Buses,IDLEX,PM,8.18438597023e-10
2031,Summer,Alpine (GBV),All Other Buses,IDLEX,PM10,8.1352796544e-10
2031,Summer,Alpine (GBV),All Other Buses,IDLEX,PM2_5,7.78335105769e-10
2031,Summer,Alpine (GBV),All Other Buses,IDLEX,ROG,1.08564418962e-07
2031,Summer,Alpine (GBV),All Other Buses,IDLEX,SOx,4.67803744017e-08
2031,Summer,Alpine (GBV),All Other Buses,IDLEX,TOG,1.23592326924e-07
2031,Summer,Alpine (GBV),All Other Buses,PMBW,PM,6.48742911872e-05
2031,Summer,Alpine (GBV),All Other Buses,PMBW,PM10,6.35768053635e-05
2031,Summer,Alpine (GBV),All Other Buses,PMBW,PM2_5,2.72472022986e-05
2031,Summer,Alpine (GBV),All Other Buses,PMTW,PM,5.85331950561e-06
2031,Summer,Alpine (GBV),All Other Buses,PMTW,PM10,5.85331950561e-06
2031,Summer,Alpine (GBV),All Other Buses,PMTW,PM2_5,1.4633298764e-06
2031,Summer,Alpine (GBV),All Other Buses,RUNEX,CO,0.000117310640032
2031,Summer,Alpine (GBV),All Other Buses,RUNEX,CO2,0.571196451899
2031,Summer,Alpine (GBV),All Other Buses,RUNEX,NOx,0.000569798154935
2031,Summer,Alpine (GBV),All Other Buses,RUNEX,PM,1.56721184962e-06
2031,Summer,Alpine (GBV),All Other Buses,RUNEX,PM10,1.55780857852e-06
2031,Summer,Alpine (GBV),All Other Buses,RUNEX,PM2_5,1.49041846899e-06
2031,Summer,Alpine (GBV),All Other Buses,RUNEX,ROG,2.22868458479e-05
2031,Summer,Alpine (GBV),All Other Buses,RUNEX,SOx,5.4494811757e-06
2031,Summer,Alpine (GBV),All Other Buses,RUNEX,TOG,2.53718774944e-05
2031,Summer,Alpine (GBV),All Other Buses,STREX,NOx,0.000192840639507
